EmailAddress,syntax,numOfMxRecords,checkTimestamp,smtpSummary,errorID,pec,role,reserved,disposable,free-provider
aslumbria1@postacert.umbria.it,True,1,1505815706666,True,True,False,False,False,False
aslumbria2@postacert.umbria.it,True,1,1505815719100,True,True,False,False,False,False
prot.gen.asl.vt.it@legalmail.it,True,1,1505815732105,True,True,False,False,False,False
protocollo@pec.aslromag.it,True,1,1505815744377,True,True,False,False,False,False
affarigenerali.asprc@certificatamail.it,True,1,1505815746478,True,True,False,False,False,False
protocollo.generale@pec.aobrotzu.it,True,1,1505815748639,True,True,False,False,False,False
aas5.protgen@certsanita.fvg.it,True,1,1505815751591,True,True,False,False,False,False
aspvibovalentia@pec.it,True,1,1505815753803,True,True,False,False,False,False
xvcmvalledelliri@pec.it,True,1,1505815755989,True,True,False,False,False,False
protocollogenerale@pec.asl.novara.it,True,1,1505815758171,True,True,False,False,False,False
protocollo.aulss1@pecveneto.it,True,1,1505815767446,True,True,False,False,False,False
dir.generale@pec.aslna1centro.it,True,1,1505815769529,True,True,False,False,False,False
protocollo.generale@pec.atssardegna.it,True,1,1505815771915,True,False,False,False,False,False
aslteramo@raccomandata.eu,True,1,1505815774186,True,True,False,False,False,False
comune.bascape@pec.regione.lombardia.it,True,1,1505815776372,True,True,False,False,False,False
protocollo.aulss2@pecveneto.it,True,1,1505815778487,True,True,False,False,False,False
accademia.torino@pec.it,True,1,1505815780670,True,True,False,False,False,False
atorifiuti.cuneo@legal.email.it,True,1,1505815782802,True,True,False,False,False,False
atocaloreirpino@pec.it,True,1,1505815795596,True,True,False,False,False,False
protocollo@pec.atoambientecl1.it,True,1,1505815797760,True,False,False,False,False,False
aziendaturismocastellammare@pec.it,True,1,1505815799919,True,True,False,False,False,False
aacst@pecischia.it,True,1,1505815802183,True,True,False,False,False,False
aziendacampiflegrei@pec.it,True,1,1505815804260,True,True,False,False,False,False
amministrazione.vicoturismo@pec.it,True,1,1505815806347,True,True,False,False,False,False
aziendaturismo@pec.it,True,1,1505815808484,True,True,False,False,False,False
affarigenerali@pec.pompeiturismo.it,True,1,1505815810681,True,True,False,False,False,False
aziendaautonomatermeacireale@pec.it,True,1,1505815812933,True,True,False,False,False,False
aas3.protgen@certsanita.fvg.it,True,1,1505815815242,True,True,False,False,False,False
agenzialavoro@pec.arlas.campania.it,True,1,1505815817510,True,True,False,False,False,False
fatturazioneales@pec.it,True,1,1505815819605,True,True,False,False,False,False
aspsgobba@pec.it,True,1,1505815821710,True,True,False,False,False,False
suoldaleramo@cert.ruparpiemonte.it,True,1,1505815823908,True,True,False,False,False,False
amministrazione@pec.turismotorino.org,True,1,1505815831531,True,False,False,False,False,False
se.aar.bz@legalmail.it,True,1,1505815834019,True,True,False,False,False,False
aas2.protgen@certsanita.fvg.it,True,1,1505815846795,True,True,False,False,False,False
asuits@certsanita.fvg.it,True,1,1505815848896,True,True,False,False,False,False
aziendaturismonapoli@pec.inaples.it,True,1,1505815857087,True,True,False,False,False,False
aastpaestum@legalmail.it,True,1,1505815859172,True,True,False,False,False,False
sferisterio@pec.it,True,1,1505815871404,True,True,False,False,False,False
asuiud@certsanita.fvg.it,True,1,1505815873491,True,True,False,False,False,False
infoasea@legalmail.it,True,1,1505815880600,True,True,False,False,False,False
segreteria@pec.anconambiente.it,True,1,1505815892876,True,False,False,False,False,False
info@sorrentotourism.it,True,1,1505815905126,True,True,True,False,False,False
info@pec.termoli.net,True,1,1505815907266,True,False,True,False,False,False
aastamalfi@pec.it,True,1,1505815910327,True,True,False,False,False,False
cavaturismo@pec.tuttopec.it,True,1,1505815912508,True,True,False,False,False,False
aastmaiori@legalmail.it,True,1,1505815914671,True,True,False,False,False,False
aziendaturismopositano@pec.it,True,1,1505815926896,True,True,False,False,False,False
info@pec.ravellotime.it,True,1,1505815929043,True,False,True,False,False,False
aziendaturismo.sa@pec.tuttopec.it,True,1,1505815931207,True,True,False,False,False,False
ato-r@pcert.it,True,1,1505815933309,True,True,False,False,False,False
ato1.marche@pec.it,True,1,1505815940524,True,True,False,False,False,False
aato2.marche@legalmail.it,True,1,1505815942685,True,True,False,False,False,False
consigliodibacinolv@pec.it,True,1,1505815955333,True,True,False,False,False,False
ato3marche@legalmail.it,True,1,1505815957412,True,True,False,False,False,False
stoato1pa@pec.libero.it,True,1,1505815971722,True,False,False,False,False,False
info@pec.aato4.it,True,1,1505815980012,True,False,True,False,False,False
asucbedollo@pec.comune.bedollo.tn.it,True,1,1505815982224,True,True,False,False,False,False
protocollo@pec.ababo.it,True,1,1505815994524,True,False,False,False,False,False
accademiabelleartiba@pec.it,True,1,1505815996666,True,True,False,False,False,False
abacatania@pec.it,True,1,1505815998771,True,True,False,False,False,False
accademiabellearticarrara@pec.it,True,1,1505816000847,True,True,False,False,False,False
accademia@pec.abacatanzaro.it,True,1,1505816002984,True,False,False,False,False,False
abafi@pec.accademia.firenze.it,True,1,1505816005065,True,False,False,False,False,False
abafr@pec.accademiabellearti.fr.it,True,1,1505816012807,True,False,False,False,False,False
abafg@argopec.it,True,1,1505816014942,True,True,False,False,False,False
protocollo.accademiabellearti.laquila@ecert.it,True,1,1505816017825,True,True,False,False,False,False
abamc@pec.it,True,1,1505816019944,True,True,False,False,False,False
accademianapoli.protocollo@postecert.it,True,1,1505816022926,True,True,False,False,False,False
accademiadipalermo@pec.it,True,1,1505816034637,True,True,False,False,False,False
abaroma@pec.accademiabelleartiroma.it,True,1,1505816036786,True,False,False,False,False,False
accademiaurbino@pec.it,True,1,1505816039986,True,True,False,False,False,False
accademiavenezia@pec.accademiavenezia.it,True,1,1505816042225,True,False,False,False,False,False
accademiasironi@pec.it,True,1,1505816045492,True,True,False,False,False,False
accademiabelleartirc@postecert.it,True,1,1505816047571,True,True,False,False,False,False
asucbrusago@pec.comune.bedollo.tn.it,True,1,1505816056756,True,True,False,False,False,False
dgbacino@cert.regione.basilicata.it,True,1,1505816070104,True,True,False,False,False,False
amministrazione@pec.benidemanialiacquavella.it,True,1,1505816072492,True,False,False,False,False,False
autbacino@pec.regione.molise.it,True,1,1505816074631,True,True,False,False,False,False
adbarno@postacert.toscana.it,True,1,1505816082368,True,True,False,False,False,False
adbve.segreteria@legalmail.it,True,1,1505816084456,True,True,False,False,False,False
protocollo@pec.autoritalgv.it,True,1,1505816097835,True,False,False,False,False,False
autoritabacinotronto@emarche.it,True,4,1505816099971,False550,,,,,
bacinotevere@pec.abtevere.it,True,1,1505816105002,True,False,False,False,False,False
ebnr.tschengls@pec.rolmail.net,True,1,1505816107201,True,True,False,False,False,False
consorzio.laghi.ceresio@pec.it,True,1,1505816109380,True,True,False,False,False,False
protocollo@pec.autoritadibacino.va.it,True,1,1505816111597,True,False,False,False,False,False
autoritabacinolario@pec.regione.lombardia.it,True,1,1505816113769,True,True,False,False,False,False
adb.adige@legalmail.it,True,1,1505816115912,True,True,False,False,False,False
bacinoserchio@postacert.toscana.it,True,1,1505816128638,True,True,False,False,False,False
adbcampaniacentrale@legalmail.it,True,1,1505816131304,True,True,False,False,False,False
protocollo@pec.adbcampaniasud.it,True,1,1505816144092,True,False,False,False,False,False
progettazione.gllpp@pec.abbanoa.it,True,1,1505816157122,True,True,False,False,False,False
acquebresciane@cert.acquebresciane.it,True,1,1505816159209,True,False,False,False,False,False
ateneobergamospa@legalmail.it,True,1,1505816172431,True,True,False,False,False,False
sexten.sesto@legalmail.it,True,1,1505816184829,True,True,False,False,False,False
fraktion.graun@pec.rolmail.net,True,1,1505816198046,True,True,False,False,False,False
fraktion.matsch@pec.rolmail.net,True,1,1505816200427,True,True,False,False,False,False
ebnrnaturns@pec.rolmail.net,True,1,1505816202743,True,True,False,False,False,False
